{"O23": 3.7386330052402896, "O34": [4.648637906226346, 4.648637906226346, 4.648637906226346, 4.648637906226346, 4.648637906226346, 4.648637906226346, 4.648637906226346, 4.648637906226346, 4.648637906226346, 4.536289320119534, 2.7841651426810827, 2.7841651426810827, 2.7841651426810827, 2.7841651426810827, 2.7841651426810827, 2.7841651426810827, 2.7841651426810827, 2.7841651426810827, 2.7841651426810827, 2.7824355853923115, 4.428156129039857, 4.428156129039857, 4.428156129039857, 4.428156129039857, 4.428156129039857, 4.428156129039857, 4.428156129039857, 4.428156129039857, 4.428156129039857, 4.428156129039857, 2.771467579311154, 2.771467579311154, 2.771467579311154, 2.771467579311154, 2.771467579311154, 2.771467579311154, 2.771467579311154, 2.771467579311154, 2.771467579311154, 2.771467579311154, 4.511895035760102, 4.511895035760102, 4.511895035760102, 4.511895035760102, 4.511895035760102, 4.511895035760102, 4.511895035760102, 4.511895035760102, 4.511895035760102, 4.511895035760102, 2.827217565444654, 2.8270153841203247, 2.8270153841203247, 2.8270153841203247, 2.8270153841203247, 2.8270153841203247, 2.8270153841203247, 2.8270153841203247, 2.8270153841203247], "O35": 3.20460879205761, "O46": 2.5741721462322307, "O22": [3.6443423535895176, 3.6443423535895176, 3.6443423535895176, 3.6443423535895176, 3.6443423535895176, 3.6443423535895176, 3.6443423535895176, 3.6443423535895176, 3.6443423535895176, 3.540666069767896, 1.9280606970209013, 1.9280606970209013, 1.9280606970209013, 1.9280606970209013, 1.9280606970209013, 1.9280606970209013, 1.9280606970209013, 1.9280606970209013, 1.9280606970209013, 1.9264638116522215, 3.4408797903192534, 3.4408797903192534, 3.4408797903192534, 3.4408797903192534, 3.4408797903192534, 3.4408797903192534, 3.4408797903192534, 3.4408797903192534, 3.4408797903192534, 3.4408797903192534, 1.916337145974074, 1.916337145974074, 1.916337145974074, 1.916337145974074, 1.916337145974074, 1.916337145974074, 1.916337145974074, 1.916337145974074, 1.916337145974074, 1.916337145974074, 3.518154805171569, 3.518154805171569, 3.518154805171569, 3.518154805171569, 3.518154805171569, 3.518154805171569, 3.518154805171569, 3.518154805171569, 3.518154805171569, 3.518154805171569, 1.9676239563838396, 1.9676239563838396, 1.9676239563838396, 1.9676239563838396, 1.9676239563838396, 1.9676239563838396, 1.9676239563838396, 1.9676239563838396, 1.9676239563838396], "O21": [4.553999999999999, 4.553999999999999, 4.553999999999999, 4.553999999999999, 4.553999999999999, 4.553999999999999, 4.553999999999999, 4.553999999999999, 4.553999999999999, 4.553999999999999, 4.531000000000001, 4.531000000000001, 4.531000000000001, 4.531000000000001, 4.531000000000001, 4.531000000000001, 4.531000000000001, 4.531000000000001, 4.531000000000001, 4.531000000000001, 4.553999999999999, 4.553999999999999, 4.553999999999999, 4.553999999999999, 4.553999999999999, 4.553999999999999, 4.553999999999999, 4.553999999999999, 4.553999999999999, 4.553999999999999, 4.531000000000001, 4.531000000000001, 4.531000000000001, 4.531000000000001, 4.531000000000001, 4.531000000000001, 4.531000000000001, 4.531000000000001, 4.531000000000001, 4.531000000000001, 4.553999999999999, 4.553999999999999, 4.553999999999999, 4.553999999999999, 4.553999999999999, 4.553999999999999, 4.553999999999999, 4.553999999999999, 4.553999999999999, 4.553999999999999, 4.532, 4.531000000000001, 4.531000000000001, 4.531000000000001, 4.531000000000001, 4.531000000000001, 4.531000000000001, 4.531000000000001, 4.531000000000001], "mode": "1"}