{"O23": 3.4844416955904607, "O34": [5.0, 5.0, 5.0, 5.0, 5.0, 5.0, 5.0, 5.0, 5.0, 5.0, 5.0, 5.0, 5.0, 5.0, 5.0, 5.0, 5.0, 5.0, 5.0, 5.0, 5.0, 5.0, 5.0, 5.0, 5.0, 5.0, 5.0, 5.0, 5.0, 5.0, 5.0, 5.0, 5.0, 5.0, 5.0, 5.0, 5.0, 5.0, 5.0, 5.0, 5.0, 5.0, 5.0, 5.0, 5.0, 5.0, 5.0, 5.0, 5.0, 5.0, 5.0, 5.0, 5.0, 5.0, 5.0, 5.0, 5.0, 5.0, 5.0], "O35": 5.000000000000002, "O46": 3.4614001441553457, "O22": [4.25444836218189, 4.25444836218189, 4.25444836218189, 4.25444836218189, 4.281089296825529, 4.281089296825529, 4.281089296825529, 4.281089296825529, 4.281089296825529, 4.298169852654189, 4.298169852654189, 4.298169852654189, 4.298169852654189, 4.298169852654189, 4.325279842250814, 4.325279842250814, 4.325279842250814, 4.325279842250814, 4.325279842250814, 4.332171830801225, 4.332171830801225, 4.332171830801225, 4.332171830801225, 4.332171830801225, 4.328779493225304, 4.328779493225304, 4.328779493225304, 4.328779493225304, 4.328779493225304, 4.304016215723007, 4.304016215723007, 4.304016215723007, 4.304016215723007, 4.304016215723007, 4.274516036976458, 4.274516036976458, 4.274516036976458, 4.274516036976458, 4.274516036976458, 4.227489974600561, 4.227489974600561, 4.227489974600561, 4.227489974600561, 4.227489974600561, 4.180518776615742, 4.180518776615742, 4.180518776615742, 4.180518776615742, 4.180518776615742, 4.158755179984054, 4.158755179984054, 4.158755179984054, 4.158755179984054, 4.158755179984054, 4.1550323595366505, 4.1550323595366505, 4.1550323595366505, 4.1550323595366505, 4.1550323595366505], "O21": [4.553999999999999, 4.553999999999999, 4.553999999999999, 4.553999999999999, 4.553999999999999, 4.553999999999999, 4.553999999999999, 4.553999999999999, 4.553999999999999, 4.553999999999999, 4.553999999999999, 4.553999999999999, 4.553999999999999, 4.553999999999999, 4.553999999999999, 4.553999999999999, 4.553999999999999, 4.553999999999999, 4.553999999999999, 4.553999999999999, 4.553999999999999, 4.553999999999999, 4.553999999999999, 4.553999999999999, 4.553999999999999, 4.553999999999999, 4.553999999999999, 4.553999999999999, 4.553999999999999, 4.553999999999999, 4.553999999999999, 4.553999999999999, 4.553999999999999, 4.553999999999999, 4.553999999999999, 4.553999999999999, 4.553999999999999, 4.553999999999999, 4.553999999999999, 4.553999999999999, 4.553999999999999, 4.553999999999999, 4.553999999999999, 4.553999999999999, 4.553999999999999, 4.553999999999999, 4.553999999999999, 4.553999999999999, 4.553999999999999, 4.553999999999999, 4.553999999999999, 4.553999999999999, 4.553999999999999, 4.553999999999999, 4.553999999999999, 4.553999999999999, 4.553999999999999, 4.553999999999999, 4.553999999999999], "mode": "0"}