{"O23": 3.553117335125578, "O34": [5.0, 5.0, 5.0, 5.0, 5.0, 5.0, 5.0, 5.0, 5.0, 3.5783722723277007, 3.57333194591441, 3.57333194591441, 3.57333194591441, 3.57333194591441, 3.57333194591441, 3.57333194591441, 3.57333194591441, 3.57333194591441, 3.57333194591441, 5.0, 5.0, 5.0, 5.0, 5.0, 5.0, 5.0, 5.0, 5.0, 5.0, 3.6380201577465905, 3.632948665177872, 3.632948665177872, 3.632948665177872, 3.632948665177872, 3.632948665177872, 3.632948665177872, 3.632948665177872, 3.632948665177872, 3.632948665177872, 5.0, 5.0, 5.0, 5.0, 5.0, 5.0, 5.0, 5.0, 5.0, 5.0, 3.5224569828556276, 3.517445872307915, 3.517445872307915, 3.517445872307915, 3.517445872307915, 3.517445872307915, 3.517445872307915, 3.517445872307915, 3.517445872307915, 3.517445872307915], "O35": 3.835832330933362, "O46": 2.916070775290414, "O22": [4.327885009704672, 4.327885009704672, 4.327885009704672, 4.327885009704672, 4.327885009704672, 4.327885009704672, 4.327885009704672, 4.327885009704672, 4.327885009704672, 2.6566916187675362, 2.6566916187675362, 2.6566916187675362, 2.6566916187675362, 2.6566916187675362, 2.6566916187675362, 2.6566916187675362, 2.6566916187675362, 2.6566916187675362, 2.6566916187675362, 4.273453871489841, 4.273453871489841, 4.273453871489841, 4.273453871489841, 4.273453871489841, 4.273453871489841, 4.273453871489841, 4.273453871489841, 4.273453871489841, 4.273453871489841, 2.711735222895932, 2.711735222895932, 2.711735222895932, 2.711735222895932, 2.711735222895932, 2.711735222895932, 2.711735222895932, 2.711735222895932, 2.711735222895932, 2.711735222895932, 4.296364616158729, 4.296364616158729, 4.296364616158729, 4.296364616158729, 4.296364616158729, 4.296364616158729, 4.296364616158729, 4.296364616158729, 4.296364616158729, 4.296364616158729, 2.605092487686675, 2.605092487686675, 2.605092487686675, 2.605092487686675, 2.605092487686675, 2.605092487686675, 2.605092487686675, 2.605092487686675, 2.605092487686675, 2.605092487686675], "O21": [4.553999999999999, 4.553999999999999, 4.553999999999999, 4.553999999999999, 4.553999999999999, 4.553999999999999, 4.553999999999999, 4.553999999999999, 4.553999999999999, 4.553999999999999, 4.531000000000001, 4.531000000000001, 4.531000000000001, 4.531000000000001, 4.531000000000001, 4.531000000000001, 4.531000000000001, 4.531000000000001, 4.531000000000001, 4.531000000000001, 4.553999999999999, 4.553999999999999, 4.553999999999999, 4.553999999999999, 4.553999999999999, 4.553999999999999, 4.553999999999999, 4.553999999999999, 4.553999999999999, 4.553999999999999, 4.531000000000001, 4.531000000000001, 4.531000000000001, 4.531000000000001, 4.531000000000001, 4.531000000000001, 4.531000000000001, 4.531000000000001, 4.531000000000001, 4.532, 4.553999999999999, 4.553999999999999, 4.553999999999999, 4.553999999999999, 4.553999999999999, 4.553999999999999, 4.553999999999999, 4.553999999999999, 4.553999999999999, 4.553999999999999, 4.531000000000001, 4.531000000000001, 4.531000000000001, 4.531000000000001, 4.531000000000001, 4.531000000000001, 4.531000000000001, 4.531000000000001, 4.531000000000001], "mode": "0"}