{"O23": 4.434651335859996, "O34": [5.0, 5.0, 5.0, 5.0, 5.0, 5.0, 5.0, 5.0, 5.0, 5.0, 5.0, 5.0, 5.0, 5.0, 5.0, 3.4884319385620945, 3.4884319385620945, 3.4884319385620945, 3.4884319385620945, 3.4884319385620945, 5.0, 5.0, 5.0, 5.0, 5.0, 3.601035026314742, 3.601035026314742, 3.601035026314742, 3.601035026314742, 3.601035026314742, 5.0, 5.0, 5.0, 5.0, 5.0, 3.50407037806682, 3.50407037806682, 3.50407037806682, 3.50407037806682, 3.50407037806682, 5.0, 5.0, 5.0, 5.0, 5.0, 5.0, 5.0, 5.0, 5.0, 5.0, 5.0, 5.0, 5.0, 5.0, 5.0, 5.0, 5.0, 5.0, 5.0], "O35": 4.423518783631589, "O46": 4.050315307276629, "O22": [4.32583422338058, 4.32583422338058, 4.32583422338058, 4.32583422338058, 4.32583422338058, 4.32583422338058, 4.32583422338058, 4.32583422338058, 4.32583422338058, 4.32583422338058, 4.32583422338058, 4.32583422338058, 4.32583422338058, 4.32583422338058, 4.355592719571277, 2.578304172210026, 2.578304172210026, 2.578304172210026, 2.578304172210026, 2.578304172210026, 4.329779637709133, 4.329779637709133, 4.329779637709133, 4.329779637709133, 4.329779637709133, 2.6822696346250368, 2.6822696346250368, 2.6822696346250368, 2.6822696346250368, 2.6822696346250368, 4.313716317775164, 4.313716317775164, 4.313716317775164, 4.313716317775164, 4.313716317775164, 2.592743008897431, 2.592743008897431, 2.592743008897431, 2.592743008897431, 2.592743008897431, 4.313049798274937, 4.313049798274937, 4.313049798274937, 4.313049798274937, 4.313049798274937, 4.302426044182099, 4.302426044182099, 4.302426044182099, 4.302426044182099, 4.302426044182099, 4.302426044182099, 4.302426044182099, 4.302426044182099, 4.302426044182099, 4.302426044182099, 4.31455645626924, 4.31455645626924, 4.31455645626924, 4.31455645626924], "O21": [4.553999999999999, 4.553999999999999, 4.553999999999999, 4.553999999999999, 4.553999999999999, 4.553999999999999, 4.553999999999999, 4.553999999999999, 4.553999999999999, 4.553999999999999, 4.553999999999999, 4.553999999999999, 4.553999999999999, 4.553999999999999, 4.553999999999999, 4.531000000000001, 4.531000000000001, 4.531000000000001, 4.531000000000001, 4.531000000000001, 4.553999999999999, 4.553999999999999, 4.553999999999999, 4.553999999999999, 4.553999999999999, 4.531000000000001, 4.531000000000001, 4.531000000000001, 4.531000000000001, 4.531000000000001, 4.553999999999999, 4.553999999999999, 4.553999999999999, 4.553999999999999, 4.553999999999999, 4.531000000000001, 4.531000000000001, 4.531000000000001, 4.531000000000001, 4.531000000000001, 4.553999999999999, 4.553999999999999, 4.553999999999999, 4.553999999999999, 4.553999999999999, 4.553999999999999, 4.553999999999999, 4.553999999999999, 4.553999999999999, 4.553999999999999, 4.553999999999999, 4.553999999999999, 4.553999999999999, 4.553999999999999, 4.553999999999999, 4.553999999999999, 4.553999999999999, 4.553999999999999, 4.553999999999999], "mode": "0"}