{"O23": 3.7386330052402896, "O34": [4.403344916029309, 4.403344916029309, 4.403344916029309, 4.403344916029309, 4.403344916029309, 4.403344916029309, 4.403344916029309, 4.403344916029309, 4.403344916029309, 4.403344916029309, 2.3169148632291354, 2.3138665787925854, 2.3138665787925854, 2.3138665787925854, 2.3138665787925854, 2.3138665787925854, 2.3138665787925854, 2.3138665787925854, 2.3138665787925854, 2.3138665787925854, 4.541105780474642, 4.541346801465469, 4.541346801465469, 4.541346801465469, 4.541346801465469, 4.541346801465469, 4.541346801465469, 4.541346801465469, 4.541346801465469, 4.541346801465469, 2.4654907913849367, 2.4618070643409373, 2.4618070643409373, 2.4618070643409373, 2.4618070643409373, 2.4618070643409373, 2.4618070643409373, 2.4618070643409373, 2.4618070643409373, 2.4618070643409373, 4.456518279315784, 4.457235609902825, 4.457235609902825, 4.457235609902825, 4.457235609902825, 4.457235609902825, 4.457235609902825, 4.457235609902825, 4.457235609902825, 4.457235609902825, 2.5281320288115086, 2.524226046518861, 2.524226046518861, 2.524226046518861, 2.524226046518861, 2.524226046518861, 2.524226046518861, 2.524226046518861, 2.524226046518861], "O35": 2.9037422212553876, "O46": 2.3710460243124003, "O22": [3.417983780220874, 3.417983780220874, 3.417983780220874, 3.417983780220874, 3.417983780220874, 3.417983780220874, 3.417983780220874, 3.417983780220874, 3.417983780220874, 3.417983780220874, 1.4938380780533895, 1.4938380780533895, 1.4938380780533895, 1.4938380780533895, 1.4938380780533895, 1.4938380780533895, 1.4938380780533895, 1.4938380780533895, 1.4938380780533895, 1.4938380780533895, 3.5453331589553403, 3.5453331589553403, 3.5453331589553403, 3.5453331589553403, 3.5453331589553403, 3.5453331589553403, 3.5453331589553403, 3.5453331589553403, 3.5453331589553403, 3.5453331589553403, 1.6304302559137516, 1.6304302559137516, 1.6304302559137516, 1.6304302559137516, 1.6304302559137516, 1.6304302559137516, 1.6304302559137516, 1.6304302559137516, 1.6304302559137516, 1.6304302559137516, 3.467714596308429, 3.467714596308429, 3.467714596308429, 3.467714596308429, 3.467714596308429, 3.467714596308429, 3.467714596308429, 3.467714596308429, 3.467714596308429, 3.467714596308429, 1.6880611652886108, 1.6880611652886108, 1.6880611652886108, 1.6880611652886108, 1.6880611652886108, 1.6880611652886108, 1.6880611652886108, 1.6880611652886108, 1.6880611652886108], "O21": [4.553999999999999, 4.553999999999999, 4.553999999999999, 4.553999999999999, 4.553999999999999, 4.553999999999999, 4.553999999999999, 4.553999999999999, 4.553999999999999, 4.553999999999999, 4.547, 4.531000000000001, 4.531000000000001, 4.531000000000001, 4.531000000000001, 4.531000000000001, 4.531000000000001, 4.531000000000001, 4.531000000000001, 4.531000000000001, 4.553, 4.553999999999999, 4.553999999999999, 4.553999999999999, 4.553999999999999, 4.553999999999999, 4.553999999999999, 4.553999999999999, 4.553999999999999, 4.553999999999999, 4.55, 4.531000000000001, 4.531000000000001, 4.531000000000001, 4.531000000000001, 4.531000000000001, 4.531000000000001, 4.531000000000001, 4.531000000000001, 4.531000000000001, 4.551, 4.553999999999999, 4.553999999999999, 4.553999999999999, 4.553999999999999, 4.553999999999999, 4.553999999999999, 4.553999999999999, 4.553999999999999, 4.553999999999999, 4.551, 4.531000000000001, 4.531000000000001, 4.531000000000001, 4.531000000000001, 4.531000000000001, 4.531000000000001, 4.531000000000001, 4.531000000000001, 4.531000000000001], "mode": "3"}