{"O23": 3.553117335125578, "O34": [4.917650167226647, 4.917650167226647, 4.917650167226647, 4.917650167226647, 4.917650167226647, 4.917650167226647, 4.917650167226647, 4.917650167226647, 4.917650167226647, 4.917650167226647, 2.9492610418469014, 2.9492610418469014, 2.9492610418469014, 2.9492610418469014, 2.9492610418469014, 2.9492610418469014, 2.9492610418469014, 2.9492610418469014, 2.9492610418469014, 2.9492610418469014, 5.0, 5.0, 5.0, 5.0, 5.0, 5.0, 5.0, 5.0, 5.0, 5.0, 2.9562563999937526, 2.9562563999937526, 2.9562563999937526, 2.9562563999937526, 2.9562563999937526, 2.9562563999937526, 2.9562563999937526, 2.9562563999937526, 2.9562563999937526, 2.9564615188844416, 5.0, 5.0, 5.0, 5.0, 5.0, 5.0, 5.0, 5.0, 5.0, 5.0, 3.001415033433614, 3.001415033433614, 3.001415033433614, 3.001415033433614, 3.001415033433614, 3.001415033433614, 3.001415033433614, 3.001415033433614, 3.001415033433614], "O35": 3.3386927392442542, "O46": 2.6317040809931553, "O22": [3.8925892829852073, 3.8925892829852073, 3.8925892829852073, 3.8925892829852073, 3.8925892829852073, 3.8925892829852073, 3.8925892829852073, 3.8925892829852073, 3.8925892829852073, 3.8925892829852073, 2.080492320719362, 2.080492320719362, 2.080492320719362, 2.080492320719362, 2.080492320719362, 2.080492320719362, 2.080492320719362, 2.080492320719362, 2.080492320719362, 2.080492320719362, 4.078824978935112, 4.078824978935112, 4.078824978935112, 4.078824978935112, 4.078824978935112, 4.078824978935112, 4.078824978935112, 4.078824978935112, 4.078824978935112, 4.078824978935112, 2.0869510747287867, 2.0869510747287867, 2.0869510747287867, 2.0869510747287867, 2.0869510747287867, 2.0869510747287867, 2.0869510747287867, 2.0869510747287867, 2.0869510747287867, 2.0869510747287867, 4.0983274379410695, 4.0983274379410695, 4.0983274379410695, 4.0983274379410695, 4.0983274379410695, 4.0983274379410695, 4.0983274379410695, 4.0983274379410695, 4.0983274379410695, 4.0983274379410695, 2.128645652571256, 2.128645652571256, 2.128645652571256, 2.128645652571256, 2.128645652571256, 2.128645652571256, 2.128645652571256, 2.128645652571256, 2.128645652571256], "O21": [4.553999999999999, 4.553999999999999, 4.553999999999999, 4.553999999999999, 4.553999999999999, 4.553999999999999, 4.553999999999999, 4.553999999999999, 4.553999999999999, 4.553999999999999, 4.531000000000001, 4.531000000000001, 4.531000000000001, 4.531000000000001, 4.531000000000001, 4.531000000000001, 4.531000000000001, 4.531000000000001, 4.531000000000001, 4.531000000000001, 4.553999999999999, 4.553999999999999, 4.553999999999999, 4.553999999999999, 4.553999999999999, 4.553999999999999, 4.553999999999999, 4.553999999999999, 4.553999999999999, 4.553999999999999, 4.531000000000001, 4.531000000000001, 4.531000000000001, 4.531000000000001, 4.531000000000001, 4.531000000000001, 4.531000000000001, 4.531000000000001, 4.531000000000001, 4.532, 4.553999999999999, 4.553999999999999, 4.553999999999999, 4.553999999999999, 4.553999999999999, 4.553999999999999, 4.553999999999999, 4.553999999999999, 4.553999999999999, 4.553999999999999, 4.531000000000001, 4.531000000000001, 4.531000000000001, 4.531000000000001, 4.531000000000001, 4.531000000000001, 4.531000000000001, 4.531000000000001, 4.531000000000001], "mode": "3"}